{
  "20251216-IMG_20251216_162641.jpg": 1780396663.934,
  "20251219-IMG_20251219_163210.jpg": 1780396661.648,
  "20251222-IMG_20251222_172335-2.jpg": 1780396657.285,
  "20251225-IMG_20251225_164412.jpg": 1780396654.771,
  "316DE73393DEF25EA64EC992E231BB83-1.jpg": 1780396649.824,
  "582873618C1CDEFB98B257F014F22FF0-1.jpg": 1780396647.282,
  "97EE1EEC803AD29F81CD6899CA837B60-1-2.jpg": 1780396648.923,
  "DSC03096-1.jpg": 1780396550.261,
  "DSC03102-1.jpg": 1780396549.57,
  "DSC03107-1.jpg": 1780396546.196,
  "DSC03115-1.jpg": 1780396545.463,
  "DSC03129-1.jpg": 1780396541.924,
  "DSC03140-1.jpg": 1780396541.324,
  "DSC03146-1.jpg": 1780396537.972,
  "DSC03158-1.jpg": 1780396537.232,
  "DSC03172-1.jpg": 1780396534.145,
  "DSC03174-1.jpg": 1780396533.498,
  "DSC03193-1.jpg": 1780396517.913,
  "DSC03218-1.jpg": 1780396514.217,
  "DSC03226-1.jpg": 1780396513.569,
  "DSC03238-1.jpg": 1780396511.179,
  "DSC03239-1.jpg": 1780396510.114,
  "IMG_20240616_160940-4.jpg": 1780396634.943,
  "IMG_20240616_173717-3.jpg": 1780396638.031,
  "IMG_20240711_151136-1.jpg": 1780396678.53,
  "IMG_20240711_151152-1.jpg": 1780396678.054,
  "IMG_20240712_163715-1.jpg": 1780396675.736,
  "IMG_20240908_175859-1.jpg": 1780396637.31,
  "IMG_20240909_175947-2.jpg": 1780396639.54,
  "IMG_20250831_123551-1.jpg": 1780396672.788,
  "IMG_20250831_131448-1.jpg": 1780396672.29,
  "IMG_20250831_133319-1.jpg": 1780396669.958,
  "IMG_20250831_134932-1.jpg": 1780396669.36,
  "IMG_20251130_093001-1.jpg": 1780396667.58,
  "IMG_20251212_100241-1.jpg": 1780396666.576,
  "IMG_20251216_162641-1.jpg": 1780396665.024,
  "IMG_20251219_163023-1.jpg": 1780396662.565,
  "IMG_20251220_162649-1.jpg": 1780396660.189,
  "IMG_20251222_172335-1.jpg": 1780396659.382,
  "IMG_20251225_164412-1.jpg": 1780396656.806,
  "IMG_20251227_085713-1.jpg": 1780396654.305,
  "IMG_20260124_161347-1.jpg": 1780396646.419,
  "IMG_20260201_085945_1-1.jpg": 1780396644.098,
  "IMG_20260201_090133(1)-1.jpg": 1780396989.4514475,
  "IMG_20260201_090206-1.jpg": 1780396644.478,
  "IMG_20260201_091528-1.jpg": 1780396959.3723717,
  "IMG_20260202_150828(1)-1.jpg": 1780396959.3534079,
  "IMG_20260206_113453-5.jpg": 1780397018.8091688,
  "IMG_20260206_113552-11.jpg": 1780396631.887,
  "IMG_20260206_113859-12.jpg": 1780396634.563,
  "IMG_20260206_113943-6.jpg": 1780397018.5939815,
  "IMG_20260206_114932-7.jpg": 1780397018.6290474,
  "IMG_20260206_114933-8.jpg": 1780397018.6627617,
  "IMG_20260206_115030-13.jpg": 1780396631.386,
  "IMG_20260206_115412-14.jpg": 1780396629.776,
  "IMG_20260206_141942-61.jpg": 1780396561.114,
  "IMG_20260206_143944-15.jpg": 1780396625.184,
  "IMG_20260206_144241(1)-9.jpg": 1780397018.7093596,
  "IMG_20260206_144344-16.jpg": 1780396626.976,
  "IMG_20260206_144648-17.jpg": 1780396627.987,
  "IMG_20260206_144802-10.jpg": 1780397018.759212,
  "IMG_20260206_145534-18.jpg": 1780396624.2,
  "IMG_20260206_150037-19.jpg": 1780396622.512,
  "IMG_20260206_150751-1.jpg": 1780396621.629,
  "IMG_20260206_150944-21.jpg": 1780396619.211,
  "IMG_20260206_152920-22.jpg": 1780396618.719,
  "IMG_20260206_153503-23.jpg": 1780396616.685,
  "IMG_20260206_153658-24.jpg": 1780396615.519,
  "IMG_20260206_153814-25.jpg": 1780396614.046,
  "IMG_20260206_154001-26.jpg": 1780396612.438,
  "IMG_20260206_154308-27.jpg": 1780396611.411,
  "IMG_20260206_154613-28.jpg": 1780396609.579,
  "IMG_20260206_154714-1.jpg": 1780396608.476,
  "IMG_20260206_175716-38.jpg": 1780396592.978,
  "IMG_20260206_175906-39.jpg": 1780396593.852,
  "IMG_20260206_175933-33.jpg": 1780396595.606,
  "IMG_20260206_180011-34.jpg": 1780396596.462,
  "IMG_20260206_180249-1.jpg": 1780396598.334,
  "IMG_20260206_181126-35.jpg": 1780396598.782,
  "IMG_20260206_181204-36.jpg": 1780396600.887,
  "IMG_20260206_181323-37.jpg": 1780396601.669,
  "IMG_20260206_181333-29.jpg": 1780396603.317,
  "IMG_20260207_193633-30.jpg": 1780396604.201,
  "IMG_20260207_193731-31.jpg": 1780396605.74,
  "IMG_20260207_193850-32.jpg": 1780396606.746,
  "IMG_20260218_142312-40.jpg": 1780396589.099,
  "IMG_20260218_143050-41.jpg": 1780396588.313,
  "IMG_20260218_143523-42.jpg": 1780396586.063,
  "IMG_20260218_143601-60.jpg": 1780396562.82,
  "IMG_20260218_144043-44.jpg": 1780396585.55,
  "IMG_20260218_144600-45.jpg": 1780396583.2,
  "IMG_20260218_145630-46.jpg": 1780396582.69,
  "IMG_20260218_145838-47.jpg": 1780396580.559,
  "IMG_20260218_150112-48.jpg": 1780396579.544,
  "IMG_20260218_150123-49.jpg": 1780396577.834,
  "IMG_20260218_150248-50.jpg": 1780396576.768,
  "IMG_20260218_150311-51.jpg": 1780396575.142,
  "IMG_20260218_150414-52.jpg": 1780396574.155,
  "IMG_20260218_150756-53.jpg": 1780396572.424,
  "IMG_20260218_151905-54.jpg": 1780396571.587,
  "IMG_20260218_152220-55.jpg": 1780396569.218,
  "IMG_20260218_153038-56.jpg": 1780396568.729,
  "IMG_20260218_154326-57.jpg": 1780396566.636,
  "IMG_20260218_155029-58.jpg": 1780396565.656,
  "IMG_20260218_162557-59.jpg": 1780396563.919,
  "IMG_20260222_140625-62.jpg": 1780396560.306,
  "IMG_20260222_141110-63.jpg": 1780396557.61,
  "IMG_20260222_141152-64.jpg": 1780396558.172,
  "IMG_20260224_192725-65.jpg": 1780396555.824,
  "IMG_20260225_191445-66.jpg": 1780396554.846,
  "IMG_20260225_192815-67.jpg": 1780396553.388,
  "IMG_20260227_074037-68.jpg": 1780396552.502,
  "IMG_20260302_183632-1.jpg": 1780396517.067,
  "IMG_20260304_203445_1-1.jpg": 1780396520.212,
  "IMG_20260304_204030-1.jpg": 1780396519.781,
  "IMG_20260609_190559-1.jpg": 1781097239.181,
  "Image_1763657447102-1.jpg": 1780396776.4636393,
  "Image_1763657472833-1.jpg": 1780396774.8270168,
  "Image_1763657473124-1.jpg": 1780396776.4307294,
  "Image_1763657473916-1.jpg": 1780396776.4127092,
  "Image_1763657473976-1.jpg": 1780396935.645261,
  "Image_1763657484489-1.jpg": 1780396776.4482665,
  "_NIK0043-1.jpg": 1780396332.982,
  "_NIK0057-1.jpg": 1780396331.054,
  "_NIK0063-1.jpg": 1780396329.985,
  "_NIK0066-1.jpg": 1780396327.565,
  "_NIK0069-1.jpg": 1780396326.351,
  "_NIK0073-1.jpg": 1780396324.096,
  "_NIK0113-1.jpg": 1780396323.023,
  "_NIK0220.jpg": 1780396320.43,
  "_NIK0620.jpg": 1780396319.608,
  "_NIK1022-1.jpg": 1780396317.239,
  "_NIK1035-1.jpg": 1780396316.124,
  "_NIK1046-1.jpg": 1780396313.157,
  "_NIK1052-1.jpg": 1780396312.416,
  "_NIK1061-1.jpg": 1780396309.536,
  "_NIK1080-1.jpg": 1780396308.612,
  "_NIK1082.jpg": 1780396306.252,
  "_NIK2005-1.jpg": 1780396305.508,
  "_NIK2036.jpg": 1780396302.77,
  "_NIK3680-1.jpg": 1781097239.772,
  "_NIK3686-1.jpg": 1781182274.956,
  "_NIK9270-1.jpg": 1780396507.396,
  "_NIK9274-1.jpg": 1780396506.722,
  "_NIK9280-1.jpg": 1780396503.851,
  "_NIK9288-1.jpg": 1780396503.095,
  "_NIK9292-1.jpg": 1780396500.637,
  "_NIK9306-1.jpg": 1780396499.36,
  "_NIK9312-1.jpg": 1780396497.036,
  "_NIK9318-1.jpg": 1780396495.881,
  "_NIK9337-1.jpg": 1780396493.256,
  "_NIK9341-1.jpg": 1780396491.97,
  "_NIK9350-1.jpg": 1780396489.535,
  "_NIK9366-1.jpg": 1780396488.059,
  "_NIK9368-1.jpg": 1780396485.724,
  "_NIK9375-1.jpg": 1780396484.627,
  "_NIK9378-1.jpg": 1780396481.466,
  "_NIK9381-1.jpg": 1780396480.62,
  "_NIK9388-1.jpg": 1780396477.436,
  "_NIK9392-1.jpg": 1780396476.733,
  "_NIK9399-1.jpg": 1780396473.659,
  "_NIK9402-1.jpg": 1780396472.884,
  "_NIK9406-1.jpg": 1780396470.081,
  "_NIK9421-1.jpg": 1780396468.755,
  "_NIK9427-1.jpg": 1780396466.58,
  "_NIK9435-1.jpg": 1780396465.179,
  "_NIK9442-1.jpg": 1780396463.128,
  "_NIK9447-1.jpg": 1780396460.932,
  "_NIK9451-1.jpg": 1780396459.765,
  "_NIK9465-1.jpg": 1780396456.745,
  "_NIK9467-1.jpg": 1780396456.145,
  "_NIK9474-1.jpg": 1780396452.851,
  "_NIK9476-1.jpg": 1780396452.126,
  "_NIK9478-1.jpg": 1780396448.622,
  "_NIK9481-1.jpg": 1780396447.829,
  "_NIK9485-1.jpg": 1780396445.079,
  "_NIK9490-1.jpg": 1780396443.837,
  "_NIK9516-2.jpg": 1780396440.722,
  "_NIK9517-1.jpg": 1780396439.91,